VOV1	https://str.vov.gov.vn/vovlive/vov1vov5Vietnamese.sdp_aac/playlist.m3u8	0
VOV2	https://str.vov.gov.vn/vovlive/vov2vov3Vietnamese.sdp_aac/playlist.m3u8	0
VOV Giao thong Ha Noi	https://play.vovgiaothong.vn/live/gthn/playlist.m3u8	0
VOV Giao thong Ho Chi Minh	https://play.vovgiaothong.vn/live/gthcm/playlist.m3u8	0
VOH FM 99.9	http://stream.voh.com.vn:8000/voh-fm999	0
VTC News Radio	https://vtcradio.vn:8900/vtcnews.mp3	0
Radio Saigon 900	http://103.9.76.115:8000/stream	0
Hanoi Radio FM 90MHz	http://radio.hanoi.gov.vn:8000/fmhanoi.mp3	0
DAN CA Quan Ho	https://str.vov.gov.vn/vovlive/vov6Vietnamese.sdp_aac/playlist.m3u8	0
Radio The Voice of Vietnam FM	http://103.9.76.115:8000/vovworld	0
ICRT Taiwan	http://stream.rcs.revma.com/ypqhjrneygzuv	0
BCC News Radio	https://stream.bcc.net.tw/bcc128k	0
Zhengsheng Broadcasting FM 99.1	https://stream.ccr.org.tw/fs991	0
UFO Radio FM 92.1	http://hls.uforadio.com.tw:1935/uforadio/smil:ufo.smil/playlist.m3u8	0
HIT FM 91.1 Taipei	http://hitfm.leanstream.co/BFMFM-MP3	0
Radio Taipei International	https://streamingv2.shoutcast.com/RTI-English	0
Bravo FM 91.3	https://sc2.bravoradio.com.tw:8443/stream	0
POP Radio FM 91.7	http://popradio.leanstream.co/BFMFM-MP3	0
Classical Music NTSO Radio	https://ntso.stream.leanstream.co/NTSOFM-MP3	0
Good News Broadcasting	https://gnbn.leanstream.co/GNBNFM-MP3	0
