VOV Giao thong Ha Noi	https://play.vovgiaothong.vn/live/gthn/playlist.m3u8	0
FM Hanoi 90 MHz	http://14.162.146.90:8000/HANOI90	0
VOV1	https://str.vov.gov.vn/vovlive/vov1vov5Vietnamese.sdp_aac/playlist.m3u8	0
RFI Tieng Viet	https://rfienvietnamien64k.ice.infomaniak.ch/rfienvietnamien-64.mp3	0
Ha Noi Community Radio	https://ha-noi-community-radio.radiocult.fm/stream	0
FM Hanoi 96 MHz	http://222.252.21.96:8000/HANOI96	0
VOV Giao thong Ho Chi Minh	https://play.vovgiaothong.vn/live/gthcm/playlist.m3u8	0
Vietnamese National People	http://c13.radioboss.fm:8127/stream	0
Viet Radio Washington DC	http://varadio.serverroom.net:7968/	0
VOV Mekong	https://stream.vovmedia.vn/vovmekong	0
VOV5 World Radio	https://stream.vovmedia.vn/vov5	0
VOV English 247	https://stream.vovmedia.vn/vov247	0
Digital Radio Hongkong	http://ice.digitalradiohk.net:8000/drhk	0
Lovesongs Cafe Radio	http://listen.57fm.com/lscafe	0
Viet Radio 1560 AM	http://71.4.56.20/3rdout/radio.hou.std2/icecast.audio	0
Bolsa Radio Vietnam	http://stream.zenolive.com/ueychbrzv9duv	0
Replay News Tieng Viet	https://replaynewsvi.ice.infomaniak.ch/replaynewsve-128.mp3	0
TNT Atlanta Radio	https://cast4.servcast.net/proxy/longpham2/stream	0
Kali Saigon Radio	https://ice5.securenetsystems.net:80/KALI	0
Saigon Houston AM900	http://142.4.215.82:8070/stream?type=http&nocache=151	0
Kien Giang Radio	http://tv.kgtv.vn/live/kgaudio/kgaudio.m3u8	0
Min Ben Radio AM855	https://streamak0134.akamaized.net/live0134lh-5gst/_definst_/am855/chunklist.m3u8	0
Taiwan Lounge Radio	https://azuracast.conceptradio.fr/radio/8030/stream.mp3	0
Asia FM	https://n13.rcs.revma.com/xpgtqc74hv8uv	0
Han Sheng FM	http://202.39.43.67:1935/live/RA000076/chunklist.m3u8	0
Taiwan Plus	https://bcovlive-a.akamaihd.net/rce33d845cb9e42dfa302c7ac345f7858/ap-northeast-1/6282251407001/playlist.m3u8	0
Taipei Classical Radio	https://stream.zeno.fm/w66d3dp6ynhvv	0
Min Ben Radio AM1296	https://streamak0134.akamaized.net/live0134lh-5gst/_definst_/am1296/chunklist.m3u8	0
UFO Radio South Taiwan	http://cast.uforadio.com.tw:8000/kao-stream	0
Needs Radio Global Chinese	https://cdn280.ccdntech.com/live-http/_definst_/vod280_Live/needs/chunklist.m3u8	0
Nei-Di ACG Music	http://neidi.homeip.net:8080/	0
RTI Central Broadcasting	https://streamak0138.akamaized.net/live0138lh-mbm9/_definst_/rti3/chunklist.m3u8	0
BCC News Radio	https://n03.rcs.revma.com/78fm9wyy2tzuv	0
Hit FM Taipei	http://202.39.43.67:1935/live/RA000036/chunklist.m3u8	0
98 News Radio	https://n17a-eu.rcs.revma.com/pntx1639ntzuv	0
Classical FM 97.7	http://59.120.88.155:8000/live.mp3	0
Taipei Radio FM	https://stream.ginnet.cloud/live0130lo-yfyo/_definst_/fm/playlist.m3u8	0
BCC Pop Radio	https://n03.rcs.revma.com/aw9uqyxy2tzuv	0
BCC Music Radio	https://n03.rcs.revma.com/ndk05tyy2tzuv	0
Taipei Pop Music Radio	http://202.39.43.67:1935/live/RA000080/chunklist.m3u8	0
UFO Radio Main	https://n10.rcs.revma.com/em90w4aeewzuv	0
IC Radio Hsinchu	http://n01a-eu.rcs.revma.com/7mnq8rt7k5zuv	0
Zhuoshui River FM90.1	http://test.taiwan-radio.tw:8000/YL.FM90.1	0
Cloud New Radio KS FM99.5	http://test.taiwan-radio.tw:8000/KS.FM99.5	0
PBS Police Tainan AM1314	https://stream.pbs.gov.tw/live/TNS/playlist.m3u8	0
Victory Radio Tainan 2 AM1188	http://test.taiwan-radio.tw:8000/TN.AM1188	0
Farming Radio YL FM106.3	http://test.taiwan-radio.tw:8000/YL.FM106.3	0
Renren Good FM98.9	http://202.39.43.67:1935/live/RA000013/chunklist.m3u8	0
Asia Pacific FM	https://n13.rcs.revma.com/kydend74hv8uv	0
Joy Classical Music	https://stream.ginnet.cloud/live0119lo-p4rb/_definst_/classic/playlist.m3u8	0
Fujian Southeast Radio	http://live.ximalaya.com/radio-first-page-app/live/788/64.m3u8	0
PBS Police Taipei FM94.3	https://stream.pbs.gov.tw/live/TPS/playlist.m3u8	0
City Radio Taichung FM90.1	http://fm901.cityfm.tw:8080/901.mp3	0
Shanghai 1940s Jazz Radio	https://radio.nitro-server.uk/listen/1940sshanghaioldtimesmusicradio/radio.mp3	0
Baodao Xinsheng FM98.5	http://125.227.87.206:8000/FM98.5	0
Taiwan Lounge Radio	https://azuracast.conceptradio.fr:8030/stream.mp3	0
Zhanghua Guosheng AM1179	http://test.taiwan-radio.tw:8000/CH.AM1179	0
Kaohsiung Radio	https://n13.rcs.revma.com/pet2dvug1bkvv	0
Leader Radio	https://n14.rcs.revma.com/hpeqh9mkc6hvv	0
Taiwan Radio Taipei 2 AM1188	http://test.taiwan-radio.tw:8000/TP.AM1188	0
1766 Online Radio Knowledge	http://livestream.1766.today:1768/live1.mp3	0
Radio ICRT	https://n27a-eu.rcs.revma.com/nkdfurztxp3vv	0
PBS National Security Traffic	http://stream.pbs.gov.tw:1935/live/mp3:PBS/playlist.m3u8	0
China CHAS AM873	https://lhttp-hw.qtfm.cn/live/20500139/64k.mp3	0
Ai Radio Taiwan	https://n10.rcs.revma.com/h4ta80hbqwuvv	0
Taichung Happy FM105.5	http://59.125.41.65:8081/	0
Taiwan Radio Zhongxing AM963	http://test.taiwan-radio.tw:8000/NT.AM963	0
Kaiyuan Radio	http://59.125.209.209:8081/	0
A-Line Radio	http://202.39.43.67:1935/live/RA000001/chunklist.m3u8	0
Boss Radio	https://stream.radiojar.com/ehzvurp9tv8uv	0
City Radio FM92.9	http://fm929.cityfm.tw:8080/929.mp3	0
Taiwan Radio Songlin AM630	http://test.taiwan-radio.tw:8000/NT.AM630	0
Taiwan Radio Taichung AM774	http://test.taiwan-radio.tw:8000/TC.AM774	0
Good FM Kaohsiung Port	http://202.39.43.67:1935/live/RA000012/chunklist.m3u8	0
Joy Radio FM90.9	https://stream.ginnet.cloud/live0119lo-p4rb/_definst_/fm909/playlist.m3u8	0
PBS National FM104.9	https://stream.pbs.gov.tw/live/PBS/playlist.m3u8	0
NER Education Taipei FM	https://cast.ner.gov.tw/1	0
Taiwan Radio Taipei 1 AM1323	http://test.taiwan-radio.tw:8000/TP.AM1323	0
South Sound FM89.3	http://43.254.16.40:8000/KS.FM89.3	0
NER Education Hualien FM1	https://cast.ner.gov.tw/8	0
Yansheng Radio AM1044	http://test.taiwan-radio.tw:8000/HL.AM1044	0
Shixin Radio FM88.1	https://stream.ginnet.cloud/live0115lo-89xv/_definst_/fm881/playlist.m3u8	0
Fishery Radio	http://n03.rcs.revma.com/mk0c5vq122hvv	0
Ancient Capital Radio	http://n03.rcs.revma.com/8bpxy9a122hvv	0
BCC I GO Radio	https://n03.rcs.revma.com/1qxn2vg3qtzuv	0
PBS Police Taichung	http://stream.pbs.gov.tw:1935/live/TCS/playlist.m3u8	0
Tiansheng AM1314	http://test.taiwan-radio.tw:8000/ML.AM1314	0
Huanyu Radio	https://n06.rcs.revma.com/srn5f9kmwxhvv	0
Zhengsheng Radio FM104	https://flv.ccdntech.com/live/_definst_/mp4:vod117_Live/live1/chunklist_w872521607.m3u8	0
Tainan Jianguo Radio AM801	http://test.taiwan-radio.tw:8000/TN.AM801	0
Pioneer Radio Taoyuan AM774	http://43.254.16.40:8000/TY.AM774	0
UFO Radio Taichung	http://cast.uforadio.com.tw:8000/tai-stream	0
Mountain Sea Youth Radio	https://n02.rcs.revma.com/zr7xzec59duvv	0
Renren Radio	https://n01.rcs.revma.com/fkdywbc59duvv	0
Kaohsiung Port Radio	https://n10.rcs.revma.com/q2m07dc59duvv	0
Chaozhou Radio	http://59.120.255.170:8081/	0
Zhanghua Guosheng AM810	http://test.taiwan-radio.tw:8000/CH.AM810	0
Hsinchu Listenable Radio	http://202.39.43.67:1935/live/RA000124/chunklist.m3u8	0
MCBS Ming Chuan Radio	http://radio.mcu.edu.tw:8080/radio	0
Good FM Lotus	http://202.39.43.67:1935/live/RA000011/chunklist.m3u8	0
Zhanghua Care Radio FM91.1	http://test.taiwan-radio.tw:8000/CH.FM91.1	0
Diansheng Radio 2	http://test.taiwan-radio.tw:8000/TN.AM1071	0
1766 Online Radio Private Music	http://livestream.1766.today:1769/live1.mp3	0
South Port FM90.5	http://59.120.255.155:8081/	0
Zhengsheng Comprehensive	https://flv.ccdntech.com/live/_definst_/mp4:vod117_Live/live1/playlist.m3u8	0
Taichung Radio	http://211.20.119.101:8081/	0
UFO Radio Miaoli	http://cast.uforadio.com.tw:8000/miao-stream	0
City Radio Nantou FM99.7	https://fm997.cityfm.com.tw:8083/997	0
PBS Police Taichung FM94.5	https://stream.pbs.gov.tw/live/TCS/playlist.m3u8	0
Chiayi Global Radio	http://60.248.53.115:8081/	0
Han Sheng AM Radio	http://202.39.43.67:1935/live/RA000074/chunklist.m3u8	0
Beneficial Radio	http://210.209.16.1:1935/YSLive/YSLive/playlist.m3u8	0
Ziyou Experimental Radio 2	http://mail.guidetw.com.tw:8000/live	0
City Radio Tainan FM97.1	http://fm971.cityfm.tw:8080/971.mp3	0
Zhanghua Garden Radio 2	http://test.taiwan-radio.tw:8000/CH.FM88.7	0
B&B Radio	https://cdn280.ccdntech.com/live-http/_definst_/vod280_Live/bb/playlist.m3u8	0
Zhengsheng Taipei AM819	http://test.taiwan-radio.tw:8000/TP.AM819	0
Taiwan Radio Daxi 2 AM1062	http://43.254.16.40:8000/TY.AM1062	0
Zhengsheng Comprehensive 2	http://flv.ccdntech.com/live/_definst_/mp4:vod117_Live/live2/playlist.m3u8	0
Taiwan Radio Daxi 1 AM621	http://43.254.16.40:8000/TY.AM621	0
Da Han Radio ML FM97.1	http://taiwan-radio.tw:8000/ML.FM97.1	0
Victory Radio AM756	http://test.taiwan-radio.tw:8000/PH.AM756	0
Chiayi Sound FM91.3	http://test.taiwan-radio.tw:8000/CY.FM91.3	0
PBS Police Hualien FM94.3	https://stream.pbs.gov.tw/live/HLS/playlist.m3u8	0
Shixin Radio AM729	https://stream.ginnet.cloud/live0115lo-89xv/_definst_/am729/playlist.m3u8	0
PBS Police Hsinchu AM1512	https://stream.pbs.gov.tw/live/SCS/playlist.m3u8	0
NER Education Zhanghua FM	https://cast.ner.gov.tw/4	0
Jinsheng Radio	http://60.249.186.105:9000/	0
Sun Radio	http://211.20.119.102:8081/	0
ICRT Radio	http://n03.rcs.revma.com/x27mfpztxp3vv	0
Under Tree FM90.5	http://60.250.148.112:8000/live	0
Shennong Radio	https://n03.rcs.revma.com/uyaghqmdm3hvv	0
NER Education Taitung FM1	https://cast.ner.gov.tw/6	0
BCC Country Radio	https://n03.rcs.revma.com/p2e3rfg3qtzuv	0
M Radio National	https://n03.rcs.revma.com/044q61ha7a0uv	0
Taiwan Radio Taoyuan AM774	http://test.taiwan-radio.tw:8000/TY.AM774	0
Flying FM89.5	https://n13.rcs.revma.com/e0tdah74hv8uv	0
Zengwen River Radio	https://n09.rcs.revma.com/9ssfduqkr0hvv	0
Stars Radio	https://cdn280.ccdntech.com/live-http/_definst_/vod280_Live/stars/playlist.m3u8	0
UFO Radio Yunlin	http://cast.uforadio.com.tw:8000/yun-stream	0
Lotus Radio	https://n05.rcs.revma.com/vh0xgcc59duvv	0
Hakka Radio	https://n08.rcs.revma.com/akqrbx94gbkvv	0
Tiannan AM999	http://43.254.16.40:8000/TP.AM999	0
Huasheng 1 AM1152	http://43.254.16.40:8000/TP.AM1152	0
Huasheng 2 AM1224	http://43.254.16.40:8000/TP.AM1224	0
Taichung Classical Music FM97.7	http://onair.family977.com.tw:8000/live.mp3.m3u	0
Taipei Radio AM	https://stream.ginnet.cloud/live0130lo-yfyo/_definst_/am/playlist.m3u8	0
Master Radio FM96.9	http://125.227.87.206:8000/FM96.9	0
Keelung Chillax Radio	http://n03.rcs.revma.com/k41z6wadu5hvv	0
UFO Radio Taitung	http://cast.uforadio.com.tw:8000/don-stream	0
PBS Police Yilan	http://stream.pbs.gov.tw:1935/live/ELS/playlist.m3u8	0
PBS Police Yilan FM101.3	https://stream.pbs.gov.tw/live/ELS/playlist.m3u8	0
Tiansheng AM1215	http://test.taiwan-radio.tw:8000/ML.AM1215	0
Baodao Hakka Radio FM93.7	http://taiwan-radio.tw:8000/TP.FM93.7	0
NER Education Radio	http://wowza.ner.gov.tw/live/_definst_/1/playlist.m3u8	0
Sunshine Radio	http://202.39.43.67:1935/live/RA000079/chunklist.m3u8	0
Hsinchu Labour Radio	http://202.39.43.67:1935/live/RA000101/chunklist.m3u8	0
Victory Radio Tainan 1 AM774	http://test.taiwan-radio.tw:8000/TN.AM774	0
Chiayi Beihui Radio FM91.7	http://test.taiwan-radio.tw:8000/CY.FM91.7	0
New Hakka Radio FM93.5	http://live.fm935newhakka.com.tw:5006/live	0
Miaoli Justice Radio	http://211.20.119.103:8081/	0
Handshake Radio	http://us3.internet-radio.com:8232/stream	0
City Radio Miaoli FM98.3	https://fm983.cityfm.com.tw:8083/983	0
Yansheng Radio AM1242	http://test.taiwan-radio.tw:8000/HL.AM1242	0
Sakura Radio FM98.7	http://test.taiwan-radio.tw:8000/TC.FM98.7	0
PBS Police Hualien	http://stream.pbs.gov.tw:1935/live/HLS/playlist.m3u8	0
Zhanghua Garden Radio 2	http://211.72.215.231:8000/OnAir	0
Happiness FM102.5	http://61.218.61.251:8080/	0
UFO Radio Penghu	http://cast.uforadio.com.tw:8000/pen-stream	0
UFO Radio Taroko	http://cast.uforadio.com.tw:8000/hua-stream	0
Miaoli Hakka Culture Radio FM91.7	http://test.taiwan-radio.tw:8000/ML.FM91.7	0
NER Education Kaohsiung	https://cast.ner.gov.tw/5	0
Pingtung Sound FM92.5	http://59.120.255.169:8081/	0
Kamalan Radio	http://61.220.209.152:8081/	0
Urban Sound TN FM99.7	http://test.taiwan-radio.tw:8000/TN.FM99.7	0
Hsinchu Sound FM97.9	http://test.taiwan-radio.tw:8000/HC.FM97.9	0
Meisheng Radio	http://1.34.23.16:8080/broadwavehigh.mp3	0
Good Family Classical TC FM97.7	http://test.taiwan-radio.tw:8000/TC.FM97.7	0
NER Education Taipei AM	https://cast.ner.gov.tw/2	0
Ziyou Experimental Radio 2	http://test.taiwan-radio.tw:8000/GUIDECast.AH	0
PBS Police Taitung FM94.3	https://stream.pbs.gov.tw/live/TTS/playlist.m3u8	0
Diansheng Radio 2	http://59.120.102.91:8000/OnAir	0
NER Education Taitung FM2	https://cast.ner.gov.tw/7	0
CanCheers Radio	https://us3.internet-radio.com/proxy/cancheers?mp=/stream	0
Lizi Light Music Radio	http://lizeradio.com:8080/	0
Xinsheng Radio FM99.3	http://test.taiwan-radio.tw:8000/HC.FM99.3	0
Pingtung Dawushan Radio	http://59.120.255.171:8081/	0
NER Education Hualien FM2	https://cast.ner.gov.tw/9	0
